"Series_Name","Series_Code","Country_Name","Country_Code","Factor","Year","Value"
"Life expectancy at birth, total (years)","SP.DYN.LE00.IN","Haiti","HTI","Life_expectancy","2000","58.365"
"Life expectancy at birth, total (years)","SP.DYN.LE00.IN","Haiti","HTI","Life_expectancy","2002","58.855"
"Life expectancy at birth, total (years)","SP.DYN.LE00.IN","Haiti","HTI","Life_expectancy","2004","58.475"
"Life expectancy at birth, total (years)","SP.DYN.LE00.IN","Haiti","HTI","Life_expectancy","2006","60.763"
"Life expectancy at birth, total (years)","SP.DYN.LE00.IN","Haiti","HTI","Life_expectancy","2008","61.332"
"Life expectancy at birth, total (years)","SP.DYN.LE00.IN","Haiti","HTI","Life_expectancy","2009","61.741"
"Life expectancy at birth, total (years)","SP.DYN.LE00.IN","Haiti","HTI","Life_expectancy","2010","46.019"
"Life expectancy at birth, total (years)","SP.DYN.LE00.IN","Haiti","HTI","Life_expectancy","2011","61.623"
"Life expectancy at birth, total (years)","SP.DYN.LE00.IN","Haiti","HTI","Life_expectancy","2012","62.291"
"Life expectancy at birth, total (years)","SP.DYN.LE00.IN","Haiti","HTI","Life_expectancy","2013","62.605"
"Life expectancy at birth, total (years)","SP.DYN.LE00.IN","Haiti","HTI","Life_expectancy","2015","63.237"
"Life expectancy at birth, total (years)","SP.DYN.LE00.IN","Haiti","HTI","Life_expectancy","2017","63.854"
"Life expectancy at birth, total (years)","SP.DYN.LE00.IN","Haiti","HTI","Life_expectancy","2019","64.255"
"Life expectancy at birth, total (years)","SP.DYN.LE00.IN","Haiti","HTI","Life_expectancy","2021","63.192"
"Life expectancy at birth, total (years)","SP.DYN.LE00.IN","Haiti","HTI","Life_expectancy","2023",NA
"Life expectancy at birth, total (years)","SP.DYN.LE00.IN","Dominican Republic","DOM","Life_expectancy","2000","69.423"
"Life expectancy at birth, total (years)","SP.DYN.LE00.IN","Dominican Republic","DOM","Life_expectancy","2002","69.923"
"Life expectancy at birth, total (years)","SP.DYN.LE00.IN","Dominican Republic","DOM","Life_expectancy","2004","70.331"
"Life expectancy at birth, total (years)","SP.DYN.LE00.IN","Dominican Republic","DOM","Life_expectancy","2006","71.165"
"Life expectancy at birth, total (years)","SP.DYN.LE00.IN","Dominican Republic","DOM","Life_expectancy","2008","71.658"
"Life expectancy at birth, total (years)","SP.DYN.LE00.IN","Dominican Republic","DOM","Life_expectancy","2009","71.871"
"Life expectancy at birth, total (years)","SP.DYN.LE00.IN","Dominican Republic","DOM","Life_expectancy","2010","72.093"
"Life expectancy at birth, total (years)","SP.DYN.LE00.IN","Dominican Republic","DOM","Life_expectancy","2011","72.221"
"Life expectancy at birth, total (years)","SP.DYN.LE00.IN","Dominican Republic","DOM","Life_expectancy","2012","72.514"
"Life expectancy at birth, total (years)","SP.DYN.LE00.IN","Dominican Republic","DOM","Life_expectancy","2013","72.713"
"Life expectancy at birth, total (years)","SP.DYN.LE00.IN","Dominican Republic","DOM","Life_expectancy","2015","72.953"
"Life expectancy at birth, total (years)","SP.DYN.LE00.IN","Dominican Republic","DOM","Life_expectancy","2017","73.063"
"Life expectancy at birth, total (years)","SP.DYN.LE00.IN","Dominican Republic","DOM","Life_expectancy","2019","73.577"
"Life expectancy at birth, total (years)","SP.DYN.LE00.IN","Dominican Republic","DOM","Life_expectancy","2021","72.615"
"Life expectancy at birth, total (years)","SP.DYN.LE00.IN","Dominican Republic","DOM","Life_expectancy","2023",NA
"Life expectancy at birth, total (years)","SP.DYN.LE00.IN","Jamaica","JAM","Life_expectancy","2000","70.944"
"Life expectancy at birth, total (years)","SP.DYN.LE00.IN","Jamaica","JAM","Life_expectancy","2002","70.888"
"Life expectancy at birth, total (years)","SP.DYN.LE00.IN","Jamaica","JAM","Life_expectancy","2004","70.86"
"Life expectancy at birth, total (years)","SP.DYN.LE00.IN","Jamaica","JAM","Life_expectancy","2006","71.199"
"Life expectancy at birth, total (years)","SP.DYN.LE00.IN","Jamaica","JAM","Life_expectancy","2008","71.612"
"Life expectancy at birth, total (years)","SP.DYN.LE00.IN","Jamaica","JAM","Life_expectancy","2009","72.124"
"Life expectancy at birth, total (years)","SP.DYN.LE00.IN","Jamaica","JAM","Life_expectancy","2010","72.622"
"Life expectancy at birth, total (years)","SP.DYN.LE00.IN","Jamaica","JAM","Life_expectancy","2011","73.094"
"Life expectancy at birth, total (years)","SP.DYN.LE00.IN","Jamaica","JAM","Life_expectancy","2012","73.433"
"Life expectancy at birth, total (years)","SP.DYN.LE00.IN","Jamaica","JAM","Life_expectancy","2013","73.412"
"Life expectancy at birth, total (years)","SP.DYN.LE00.IN","Jamaica","JAM","Life_expectancy","2015","72.394"
"Life expectancy at birth, total (years)","SP.DYN.LE00.IN","Jamaica","JAM","Life_expectancy","2017","71.911"
"Life expectancy at birth, total (years)","SP.DYN.LE00.IN","Jamaica","JAM","Life_expectancy","2019","71.767"
"Life expectancy at birth, total (years)","SP.DYN.LE00.IN","Jamaica","JAM","Life_expectancy","2021","70.5"
"Life expectancy at birth, total (years)","SP.DYN.LE00.IN","Jamaica","JAM","Life_expectancy","2023",NA
"Life expectancy at birth, total (years)","SP.DYN.LE00.IN","Cuba","CUB","Life_expectancy","2000","76.183"
"Life expectancy at birth, total (years)","SP.DYN.LE00.IN","Cuba","CUB","Life_expectancy","2002","76.612"
"Life expectancy at birth, total (years)","SP.DYN.LE00.IN","Cuba","CUB","Life_expectancy","2004","76.912"
"Life expectancy at birth, total (years)","SP.DYN.LE00.IN","Cuba","CUB","Life_expectancy","2006","77.179"
"Life expectancy at birth, total (years)","SP.DYN.LE00.IN","Cuba","CUB","Life_expectancy","2008","77.429"
"Life expectancy at birth, total (years)","SP.DYN.LE00.IN","Cuba","CUB","Life_expectancy","2009","77.548"
"Life expectancy at birth, total (years)","SP.DYN.LE00.IN","Cuba","CUB","Life_expectancy","2010","77.661"
"Life expectancy at birth, total (years)","SP.DYN.LE00.IN","Cuba","CUB","Life_expectancy","2011","77.76"
"Life expectancy at birth, total (years)","SP.DYN.LE00.IN","Cuba","CUB","Life_expectancy","2012","77.833"
"Life expectancy at birth, total (years)","SP.DYN.LE00.IN","Cuba","CUB","Life_expectancy","2013","77.87"
"Life expectancy at birth, total (years)","SP.DYN.LE00.IN","Cuba","CUB","Life_expectancy","2015","77.772"
"Life expectancy at birth, total (years)","SP.DYN.LE00.IN","Cuba","CUB","Life_expectancy","2017","77.529"
"Life expectancy at birth, total (years)","SP.DYN.LE00.IN","Cuba","CUB","Life_expectancy","2019","77.611"
"Life expectancy at birth, total (years)","SP.DYN.LE00.IN","Cuba","CUB","Life_expectancy","2021","73.683"
"Life expectancy at birth, total (years)","SP.DYN.LE00.IN","Cuba","CUB","Life_expectancy","2023",NA
"Life expectancy at birth, total (years)","SP.DYN.LE00.IN","Philippines","PHL","Life_expectancy","2000","69.413"
"Life expectancy at birth, total (years)","SP.DYN.LE00.IN","Philippines","PHL","Life_expectancy","2002","69.781"
"Life expectancy at birth, total (years)","SP.DYN.LE00.IN","Philippines","PHL","Life_expectancy","2004","70.037"
"Life expectancy at birth, total (years)","SP.DYN.LE00.IN","Philippines","PHL","Life_expectancy","2006","70.282"
"Life expectancy at birth, total (years)","SP.DYN.LE00.IN","Philippines","PHL","Life_expectancy","2008","70.564"
"Life expectancy at birth, total (years)","SP.DYN.LE00.IN","Philippines","PHL","Life_expectancy","2009","70.633"
"Life expectancy at birth, total (years)","SP.DYN.LE00.IN","Philippines","PHL","Life_expectancy","2010","70.754"
"Life expectancy at birth, total (years)","SP.DYN.LE00.IN","Philippines","PHL","Life_expectancy","2011","70.788"
"Life expectancy at birth, total (years)","SP.DYN.LE00.IN","Philippines","PHL","Life_expectancy","2012","70.881"
"Life expectancy at birth, total (years)","SP.DYN.LE00.IN","Philippines","PHL","Life_expectancy","2013","70.835"
"Life expectancy at birth, total (years)","SP.DYN.LE00.IN","Philippines","PHL","Life_expectancy","2015","71.268"
"Life expectancy at birth, total (years)","SP.DYN.LE00.IN","Philippines","PHL","Life_expectancy","2017","71.516"
"Life expectancy at birth, total (years)","SP.DYN.LE00.IN","Philippines","PHL","Life_expectancy","2019","71.865"
"Life expectancy at birth, total (years)","SP.DYN.LE00.IN","Philippines","PHL","Life_expectancy","2021","69.266"
"Life expectancy at birth, total (years)","SP.DYN.LE00.IN","Philippines","PHL","Life_expectancy","2023",NA
"GDP (current US$)","NY.GDP.MKTP.CD","Haiti","HTI","GDP","2000","6813566098.8674984"
"GDP (current US$)","NY.GDP.MKTP.CD","Haiti","HTI","GDP","2002","6205847213.6351013"
"GDP (current US$)","NY.GDP.MKTP.CD","Haiti","HTI","GDP","2004","6087360684.2969"
"GDP (current US$)","NY.GDP.MKTP.CD","Haiti","HTI","GDP","2006","7638739122.6724186"
"GDP (current US$)","NY.GDP.MKTP.CD","Haiti","HTI","GDP","2008","10432962634.874826"
"GDP (current US$)","NY.GDP.MKTP.CD","Haiti","HTI","GDP","2009","11597002834.778614"
"GDP (current US$)","NY.GDP.MKTP.CD","Haiti","HTI","GDP","2010","11859312725.144835"
"GDP (current US$)","NY.GDP.MKTP.CD","Haiti","HTI","GDP","2011","13008746038.8867"
"GDP (current US$)","NY.GDP.MKTP.CD","Haiti","HTI","GDP","2012","13708925477.130407"
"GDP (current US$)","NY.GDP.MKTP.CD","Haiti","HTI","GDP","2013","14902488604.242088"
"GDP (current US$)","NY.GDP.MKTP.CD","Haiti","HTI","GDP","2015","14849629308.602478"
"GDP (current US$)","NY.GDP.MKTP.CD","Haiti","HTI","GDP","2017","15093357161.149847"
"GDP (current US$)","NY.GDP.MKTP.CD","Haiti","HTI","GDP","2019","15016090929.512514"
"GDP (current US$)","NY.GDP.MKTP.CD","Haiti","HTI","GDP","2021","20877414952.637451"
"GDP (current US$)","NY.GDP.MKTP.CD","Haiti","HTI","GDP","2023","19850829757.541847"
"GDP (current US$)","NY.GDP.MKTP.CD","Dominican Republic","DOM","GDP","2000","24305780628.6677"
"GDP (current US$)","NY.GDP.MKTP.CD","Dominican Republic","DOM","GDP","2002","27137440786.256207"
"GDP (current US$)","NY.GDP.MKTP.CD","Dominican Republic","DOM","GDP","2004","22322387382.494026"
"GDP (current US$)","NY.GDP.MKTP.CD","Dominican Republic","DOM","GDP","2006","37879830084.262672"
"GDP (current US$)","NY.GDP.MKTP.CD","Dominican Republic","DOM","GDP","2008","48122601530.3324"
"GDP (current US$)","NY.GDP.MKTP.CD","Dominican Republic","DOM","GDP","2009","48261078913.726631"
"GDP (current US$)","NY.GDP.MKTP.CD","Dominican Republic","DOM","GDP","2010","53860187257.959335"
"GDP (current US$)","NY.GDP.MKTP.CD","Dominican Republic","DOM","GDP","2011","58029773599.455048"
"GDP (current US$)","NY.GDP.MKTP.CD","Dominican Republic","DOM","GDP","2012","60681535652.537346"
"GDP (current US$)","NY.GDP.MKTP.CD","Dominican Republic","DOM","GDP","2013","62682159338.035439"
"GDP (current US$)","NY.GDP.MKTP.CD","Dominican Republic","DOM","GDP","2015","71164826836.5281"
"GDP (current US$)","NY.GDP.MKTP.CD","Dominican Republic","DOM","GDP","2017","79998046305.790024"
"GDP (current US$)","NY.GDP.MKTP.CD","Dominican Republic","DOM","GDP","2019","88941372558.239655"
"GDP (current US$)","NY.GDP.MKTP.CD","Dominican Republic","DOM","GDP","2021","94243425938.364685"
"GDP (current US$)","NY.GDP.MKTP.CD","Dominican Republic","DOM","GDP","2023","121444279313.93079"
"GDP (current US$)","NY.GDP.MKTP.CD","Jamaica","JAM","GDP","2000","9005064474.9300346"
"GDP (current US$)","NY.GDP.MKTP.CD","Jamaica","JAM","GDP","2002","9719009494.8477917"
"GDP (current US$)","NY.GDP.MKTP.CD","Jamaica","JAM","GDP","2004","10174664853.947565"
"GDP (current US$)","NY.GDP.MKTP.CD","Jamaica","JAM","GDP","2006","11930179089.885475"
"GDP (current US$)","NY.GDP.MKTP.CD","Jamaica","JAM","GDP","2008","13709401520.032595"
"GDP (current US$)","NY.GDP.MKTP.CD","Jamaica","JAM","GDP","2009","12120458114.8318"
"GDP (current US$)","NY.GDP.MKTP.CD","Jamaica","JAM","GDP","2010","13220549908.249386"
"GDP (current US$)","NY.GDP.MKTP.CD","Jamaica","JAM","GDP","2011","14444661522.146338"
"GDP (current US$)","NY.GDP.MKTP.CD","Jamaica","JAM","GDP","2012","14807086555.528315"
"GDP (current US$)","NY.GDP.MKTP.CD","Jamaica","JAM","GDP","2013","14264205152.612631"
"GDP (current US$)","NY.GDP.MKTP.CD","Jamaica","JAM","GDP","2015","14188936958.4343"
"GDP (current US$)","NY.GDP.MKTP.CD","Jamaica","JAM","GDP","2017","14808985171.344065"
"GDP (current US$)","NY.GDP.MKTP.CD","Jamaica","JAM","GDP","2019","15830766570.726608"
"GDP (current US$)","NY.GDP.MKTP.CD","Jamaica","JAM","GDP","2021","14657586127.033125"
"GDP (current US$)","NY.GDP.MKTP.CD","Jamaica","JAM","GDP","2023","19423355409.231567"
"GDP (current US$)","NY.GDP.MKTP.CD","Cuba","CUB","GDP","2000","30565400000"
"GDP (current US$)","NY.GDP.MKTP.CD","Cuba","CUB","GDP","2002","33590500000"
"GDP (current US$)","NY.GDP.MKTP.CD","Cuba","CUB","GDP","2004","38203000000"
"GDP (current US$)","NY.GDP.MKTP.CD","Cuba","CUB","GDP","2006","48835925925.925926"
"GDP (current US$)","NY.GDP.MKTP.CD","Cuba","CUB","GDP","2008","56302129629.629623"
"GDP (current US$)","NY.GDP.MKTP.CD","Cuba","CUB","GDP","2009","57481481481.481476"
"GDP (current US$)","NY.GDP.MKTP.CD","Cuba","CUB","GDP","2010","59562962962.962959"
"GDP (current US$)","NY.GDP.MKTP.CD","Cuba","CUB","GDP","2011","68990000000"
"GDP (current US$)","NY.GDP.MKTP.CD","Cuba","CUB","GDP","2012","73141000000"
"GDP (current US$)","NY.GDP.MKTP.CD","Cuba","CUB","GDP","2013","77148000000"
"GDP (current US$)","NY.GDP.MKTP.CD","Cuba","CUB","GDP","2015","87132800000"
"GDP (current US$)","NY.GDP.MKTP.CD","Cuba","CUB","GDP","2017","96850649691.7406"
"GDP (current US$)","NY.GDP.MKTP.CD","Cuba","CUB","GDP","2019","103427600000"
"GDP (current US$)","NY.GDP.MKTP.CD","Cuba","CUB","GDP","2021",NA
"GDP (current US$)","NY.GDP.MKTP.CD","Cuba","CUB","GDP","2023",NA
"GDP (current US$)","NY.GDP.MKTP.CD","Philippines","PHL","GDP","2000","83669788254.727921"
"GDP (current US$)","NY.GDP.MKTP.CD","Philippines","PHL","GDP","2002","84307345887.543"
"GDP (current US$)","NY.GDP.MKTP.CD","Philippines","PHL","GDP","2004","95001999685.331436"
"GDP (current US$)","NY.GDP.MKTP.CD","Philippines","PHL","GDP","2006","127652926368.06917"
"GDP (current US$)","NY.GDP.MKTP.CD","Philippines","PHL","GDP","2008","181624626327.36093"
"GDP (current US$)","NY.GDP.MKTP.CD","Philippines","PHL","GDP","2009","175974755881.37238"
"GDP (current US$)","NY.GDP.MKTP.CD","Philippines","PHL","GDP","2010","208368893151.14383"
"GDP (current US$)","NY.GDP.MKTP.CD","Philippines","PHL","GDP","2011","234216730295.93771"
"GDP (current US$)","NY.GDP.MKTP.CD","Philippines","PHL","GDP","2012","261920540972.10211"
"GDP (current US$)","NY.GDP.MKTP.CD","Philippines","PHL","GDP","2013","283902828581.6499"
"GDP (current US$)","NY.GDP.MKTP.CD","Philippines","PHL","GDP","2015","306445871246.71777"
"GDP (current US$)","NY.GDP.MKTP.CD","Philippines","PHL","GDP","2017","328480736798.79181"
"GDP (current US$)","NY.GDP.MKTP.CD","Philippines","PHL","GDP","2019","376823402244.92792"
"GDP (current US$)","NY.GDP.MKTP.CD","Philippines","PHL","GDP","2021","394087359848.11"
"GDP (current US$)","NY.GDP.MKTP.CD","Philippines","PHL","GDP","2023","437146372729.94244"
"Inflation, consumer prices (annual %)","FP.CPI.TOTL.ZG","Haiti","HTI","Inflation","2000","9.33322197565603"
"Inflation, consumer prices (annual %)","FP.CPI.TOTL.ZG","Haiti","HTI","Inflation","2002","7.03287406224601"
"Inflation, consumer prices (annual %)","FP.CPI.TOTL.ZG","Haiti","HTI","Inflation","2004","21.0318339277222"
"Inflation, consumer prices (annual %)","FP.CPI.TOTL.ZG","Haiti","HTI","Inflation","2006","11.3452152244299"
"Inflation, consumer prices (annual %)","FP.CPI.TOTL.ZG","Haiti","HTI","Inflation","2008","15.2817744823772"
"Inflation, consumer prices (annual %)","FP.CPI.TOTL.ZG","Haiti","HTI","Inflation","2009","0.393886040173341"
"Inflation, consumer prices (annual %)","FP.CPI.TOTL.ZG","Haiti","HTI","Inflation","2010","4.82734190074673"
"Inflation, consumer prices (annual %)","FP.CPI.TOTL.ZG","Haiti","HTI","Inflation","2011","6.33279483849042"
"Inflation, consumer prices (annual %)","FP.CPI.TOTL.ZG","Haiti","HTI","Inflation","2012","5.01804155429246"
"Inflation, consumer prices (annual %)","FP.CPI.TOTL.ZG","Haiti","HTI","Inflation","2013","4.76502404779142"
"Inflation, consumer prices (annual %)","FP.CPI.TOTL.ZG","Haiti","HTI","Inflation","2015","6.73184069658997"
"Inflation, consumer prices (annual %)","FP.CPI.TOTL.ZG","Haiti","HTI","Inflation","2017","10.6800887242584"
"Inflation, consumer prices (annual %)","FP.CPI.TOTL.ZG","Haiti","HTI","Inflation","2019","18.7037825672506"
"Inflation, consumer prices (annual %)","FP.CPI.TOTL.ZG","Haiti","HTI","Inflation","2021","16.8415240198785"
"Inflation, consumer prices (annual %)","FP.CPI.TOTL.ZG","Haiti","HTI","Inflation","2023","36.8135162780854"
"Inflation, consumer prices (annual %)","FP.CPI.TOTL.ZG","Dominican Republic","DOM","Inflation","2000","7.72413566181616"
"Inflation, consumer prices (annual %)","FP.CPI.TOTL.ZG","Dominican Republic","DOM","Inflation","2002","5.22336769759447"
"Inflation, consumer prices (annual %)","FP.CPI.TOTL.ZG","Dominican Republic","DOM","Inflation","2004","51.4608598338065"
"Inflation, consumer prices (annual %)","FP.CPI.TOTL.ZG","Dominican Republic","DOM","Inflation","2006","7.57280523853074"
"Inflation, consumer prices (annual %)","FP.CPI.TOTL.ZG","Dominican Republic","DOM","Inflation","2008","10.6446210953712"
"Inflation, consumer prices (annual %)","FP.CPI.TOTL.ZG","Dominican Republic","DOM","Inflation","2009","1.44215131834353"
"Inflation, consumer prices (annual %)","FP.CPI.TOTL.ZG","Dominican Republic","DOM","Inflation","2010","6.32993220146146"
"Inflation, consumer prices (annual %)","FP.CPI.TOTL.ZG","Dominican Republic","DOM","Inflation","2011","5.79676809206533"
"Inflation, consumer prices (annual %)","FP.CPI.TOTL.ZG","Dominican Republic","DOM","Inflation","2012","3.69449707884777"
"Inflation, consumer prices (annual %)","FP.CPI.TOTL.ZG","Dominican Republic","DOM","Inflation","2013","4.830950967408"
"Inflation, consumer prices (annual %)","FP.CPI.TOTL.ZG","Dominican Republic","DOM","Inflation","2015","0.836746346724557"
"Inflation, consumer prices (annual %)","FP.CPI.TOTL.ZG","Dominican Republic","DOM","Inflation","2017","3.27955694678546"
"Inflation, consumer prices (annual %)","FP.CPI.TOTL.ZG","Dominican Republic","DOM","Inflation","2019","1.81060377042959"
"Inflation, consumer prices (annual %)","FP.CPI.TOTL.ZG","Dominican Republic","DOM","Inflation","2021","8.24300347981809"
"Inflation, consumer prices (annual %)","FP.CPI.TOTL.ZG","Dominican Republic","DOM","Inflation","2023","4.78561281021135"
"Inflation, consumer prices (annual %)","FP.CPI.TOTL.ZG","Jamaica","JAM","Inflation","2000","8.17108356120225"
"Inflation, consumer prices (annual %)","FP.CPI.TOTL.ZG","Jamaica","JAM","Inflation","2002","7.07635009310985"
"Inflation, consumer prices (annual %)","FP.CPI.TOTL.ZG","Jamaica","JAM","Inflation","2004","13.5545023696682"
"Inflation, consumer prices (annual %)","FP.CPI.TOTL.ZG","Jamaica","JAM","Inflation","2006","8.56106408706157"
"Inflation, consumer prices (annual %)","FP.CPI.TOTL.ZG","Jamaica","JAM","Inflation","2008","22.0228384991843"
"Inflation, consumer prices (annual %)","FP.CPI.TOTL.ZG","Jamaica","JAM","Inflation","2009","9.59224598930482"
"Inflation, consumer prices (annual %)","FP.CPI.TOTL.ZG","Jamaica","JAM","Inflation","2010","12.6105519975603"
"Inflation, consumer prices (annual %)","FP.CPI.TOTL.ZG","Jamaica","JAM","Inflation","2011","7.555856465809"
"Inflation, consumer prices (annual %)","FP.CPI.TOTL.ZG","Jamaica","JAM","Inflation","2012","6.87397708674309"
"Inflation, consumer prices (annual %)","FP.CPI.TOTL.ZG","Jamaica","JAM","Inflation","2013","9.34150076569673"
"Inflation, consumer prices (annual %)","FP.CPI.TOTL.ZG","Jamaica","JAM","Inflation","2015","3.69154228855725"
"Inflation, consumer prices (annual %)","FP.CPI.TOTL.ZG","Jamaica","JAM","Inflation","2017","4.37839864991561"
"Inflation, consumer prices (annual %)","FP.CPI.TOTL.ZG","Jamaica","JAM","Inflation","2019","3.90510000865872"
"Inflation, consumer prices (annual %)","FP.CPI.TOTL.ZG","Jamaica","JAM","Inflation","2021","5.86278242801063"
"Inflation, consumer prices (annual %)","FP.CPI.TOTL.ZG","Jamaica","JAM","Inflation","2023","6.47413734662063"
"Inflation, consumer prices (annual %)","FP.CPI.TOTL.ZG","Cuba","CUB","Inflation","2000",NA
"Inflation, consumer prices (annual %)","FP.CPI.TOTL.ZG","Cuba","CUB","Inflation","2002",NA
"Inflation, consumer prices (annual %)","FP.CPI.TOTL.ZG","Cuba","CUB","Inflation","2004",NA
"Inflation, consumer prices (annual %)","FP.CPI.TOTL.ZG","Cuba","CUB","Inflation","2006",NA
"Inflation, consumer prices (annual %)","FP.CPI.TOTL.ZG","Cuba","CUB","Inflation","2008",NA
"Inflation, consumer prices (annual %)","FP.CPI.TOTL.ZG","Cuba","CUB","Inflation","2009",NA
"Inflation, consumer prices (annual %)","FP.CPI.TOTL.ZG","Cuba","CUB","Inflation","2010",NA
"Inflation, consumer prices (annual %)","FP.CPI.TOTL.ZG","Cuba","CUB","Inflation","2011",NA
"Inflation, consumer prices (annual %)","FP.CPI.TOTL.ZG","Cuba","CUB","Inflation","2012",NA
"Inflation, consumer prices (annual %)","FP.CPI.TOTL.ZG","Cuba","CUB","Inflation","2013",NA
"Inflation, consumer prices (annual %)","FP.CPI.TOTL.ZG","Cuba","CUB","Inflation","2015",NA
"Inflation, consumer prices (annual %)","FP.CPI.TOTL.ZG","Cuba","CUB","Inflation","2017",NA
"Inflation, consumer prices (annual %)","FP.CPI.TOTL.ZG","Cuba","CUB","Inflation","2019",NA
"Inflation, consumer prices (annual %)","FP.CPI.TOTL.ZG","Cuba","CUB","Inflation","2021",NA
"Inflation, consumer prices (annual %)","FP.CPI.TOTL.ZG","Cuba","CUB","Inflation","2023",NA
"Inflation, consumer prices (annual %)","FP.CPI.TOTL.ZG","Philippines","PHL","Inflation","2000","3.9771250324928"
"Inflation, consumer prices (annual %)","FP.CPI.TOTL.ZG","Philippines","PHL","Inflation","2002","2.72277227722765"
"Inflation, consumer prices (annual %)","FP.CPI.TOTL.ZG","Philippines","PHL","Inflation","2004","4.82921083627795"
"Inflation, consumer prices (annual %)","FP.CPI.TOTL.ZG","Philippines","PHL","Inflation","2006","5.4852320675105"
"Inflation, consumer prices (annual %)","FP.CPI.TOTL.ZG","Philippines","PHL","Inflation","2008","8.26044703595725"
"Inflation, consumer prices (annual %)","FP.CPI.TOTL.ZG","Philippines","PHL","Inflation","2009","4.21903052064628"
"Inflation, consumer prices (annual %)","FP.CPI.TOTL.ZG","Philippines","PHL","Inflation","2010","3.78983634797591"
"Inflation, consumer prices (annual %)","FP.CPI.TOTL.ZG","Philippines","PHL","Inflation","2011","4.7184170471842"
"Inflation, consumer prices (annual %)","FP.CPI.TOTL.ZG","Philippines","PHL","Inflation","2012","3.02696391124796"
"Inflation, consumer prices (annual %)","FP.CPI.TOTL.ZG","Philippines","PHL","Inflation","2013","2.58268766141795"
"Inflation, consumer prices (annual %)","FP.CPI.TOTL.ZG","Philippines","PHL","Inflation","2015","0.674192536845408"
"Inflation, consumer prices (annual %)","FP.CPI.TOTL.ZG","Philippines","PHL","Inflation","2017","2.85318772590947"
"Inflation, consumer prices (annual %)","FP.CPI.TOTL.ZG","Philippines","PHL","Inflation","2019","2.39206534422404"
"Inflation, consumer prices (annual %)","FP.CPI.TOTL.ZG","Philippines","PHL","Inflation","2021","3.92718022100332"
"Inflation, consumer prices (annual %)","FP.CPI.TOTL.ZG","Philippines","PHL","Inflation","2023","5.97802515541409"
"Foreign direct investment, net inflows (BoP, current US$)","BX.KLT.DINV.CD.WD","Haiti","HTI","Foreign_investment","2000","13250000"
"Foreign direct investment, net inflows (BoP, current US$)","BX.KLT.DINV.CD.WD","Haiti","HTI","Foreign_investment","2002","5700000"
"Foreign direct investment, net inflows (BoP, current US$)","BX.KLT.DINV.CD.WD","Haiti","HTI","Foreign_investment","2004","5900000"
"Foreign direct investment, net inflows (BoP, current US$)","BX.KLT.DINV.CD.WD","Haiti","HTI","Foreign_investment","2006","160600000"
"Foreign direct investment, net inflows (BoP, current US$)","BX.KLT.DINV.CD.WD","Haiti","HTI","Foreign_investment","2008","29800000"
"Foreign direct investment, net inflows (BoP, current US$)","BX.KLT.DINV.CD.WD","Haiti","HTI","Foreign_investment","2009","55470000"
"Foreign direct investment, net inflows (BoP, current US$)","BX.KLT.DINV.CD.WD","Haiti","HTI","Foreign_investment","2010","178000000"
"Foreign direct investment, net inflows (BoP, current US$)","BX.KLT.DINV.CD.WD","Haiti","HTI","Foreign_investment","2011","119000000"
"Foreign direct investment, net inflows (BoP, current US$)","BX.KLT.DINV.CD.WD","Haiti","HTI","Foreign_investment","2012","156000000"
"Foreign direct investment, net inflows (BoP, current US$)","BX.KLT.DINV.CD.WD","Haiti","HTI","Foreign_investment","2013","161918586.25"
"Foreign direct investment, net inflows (BoP, current US$)","BX.KLT.DINV.CD.WD","Haiti","HTI","Foreign_investment","2015","105680000"
"Foreign direct investment, net inflows (BoP, current US$)","BX.KLT.DINV.CD.WD","Haiti","HTI","Foreign_investment","2017","374860000"
"Foreign direct investment, net inflows (BoP, current US$)","BX.KLT.DINV.CD.WD","Haiti","HTI","Foreign_investment","2019","75000000"
"Foreign direct investment, net inflows (BoP, current US$)","BX.KLT.DINV.CD.WD","Haiti","HTI","Foreign_investment","2021","51299000"
"Foreign direct investment, net inflows (BoP, current US$)","BX.KLT.DINV.CD.WD","Haiti","HTI","Foreign_investment","2023","23647920"
"Foreign direct investment, net inflows (BoP, current US$)","BX.KLT.DINV.CD.WD","Dominican Republic","DOM","Foreign_investment","2000","989000000"
"Foreign direct investment, net inflows (BoP, current US$)","BX.KLT.DINV.CD.WD","Dominican Republic","DOM","Foreign_investment","2002","926000000"
"Foreign direct investment, net inflows (BoP, current US$)","BX.KLT.DINV.CD.WD","Dominican Republic","DOM","Foreign_investment","2004","934480000"
"Foreign direct investment, net inflows (BoP, current US$)","BX.KLT.DINV.CD.WD","Dominican Republic","DOM","Foreign_investment","2006","1528700000"
"Foreign direct investment, net inflows (BoP, current US$)","BX.KLT.DINV.CD.WD","Dominican Republic","DOM","Foreign_investment","2008","2728400000"
"Foreign direct investment, net inflows (BoP, current US$)","BX.KLT.DINV.CD.WD","Dominican Republic","DOM","Foreign_investment","2009","1695300000"
"Foreign direct investment, net inflows (BoP, current US$)","BX.KLT.DINV.CD.WD","Dominican Republic","DOM","Foreign_investment","2010","1820200000"
"Foreign direct investment, net inflows (BoP, current US$)","BX.KLT.DINV.CD.WD","Dominican Republic","DOM","Foreign_investment","2011","2197500000"
"Foreign direct investment, net inflows (BoP, current US$)","BX.KLT.DINV.CD.WD","Dominican Republic","DOM","Foreign_investment","2012","3415900000"
"Foreign direct investment, net inflows (BoP, current US$)","BX.KLT.DINV.CD.WD","Dominican Republic","DOM","Foreign_investment","2013","1599900000"
"Foreign direct investment, net inflows (BoP, current US$)","BX.KLT.DINV.CD.WD","Dominican Republic","DOM","Foreign_investment","2015","2227300000"
"Foreign direct investment, net inflows (BoP, current US$)","BX.KLT.DINV.CD.WD","Dominican Republic","DOM","Foreign_investment","2017","3597900000"
"Foreign direct investment, net inflows (BoP, current US$)","BX.KLT.DINV.CD.WD","Dominican Republic","DOM","Foreign_investment","2019","2829200000"
"Foreign direct investment, net inflows (BoP, current US$)","BX.KLT.DINV.CD.WD","Dominican Republic","DOM","Foreign_investment","2021","3349700000"
"Foreign direct investment, net inflows (BoP, current US$)","BX.KLT.DINV.CD.WD","Dominican Republic","DOM","Foreign_investment","2023","4750500000"
"Foreign direct investment, net inflows (BoP, current US$)","BX.KLT.DINV.CD.WD","Jamaica","JAM","Foreign_investment","2000","419600000"
"Foreign direct investment, net inflows (BoP, current US$)","BX.KLT.DINV.CD.WD","Jamaica","JAM","Foreign_investment","2002","443800000"
"Foreign direct investment, net inflows (BoP, current US$)","BX.KLT.DINV.CD.WD","Jamaica","JAM","Foreign_investment","2004","559365888.026738"
"Foreign direct investment, net inflows (BoP, current US$)","BX.KLT.DINV.CD.WD","Jamaica","JAM","Foreign_investment","2006","842342788.336148"
"Foreign direct investment, net inflows (BoP, current US$)","BX.KLT.DINV.CD.WD","Jamaica","JAM","Foreign_investment","2008","1376602630.06182"
"Foreign direct investment, net inflows (BoP, current US$)","BX.KLT.DINV.CD.WD","Jamaica","JAM","Foreign_investment","2009","485164640.147181"
"Foreign direct investment, net inflows (BoP, current US$)","BX.KLT.DINV.CD.WD","Jamaica","JAM","Foreign_investment","2010","185775630.598887"
"Foreign direct investment, net inflows (BoP, current US$)","BX.KLT.DINV.CD.WD","Jamaica","JAM","Foreign_investment","2011","172757165.409787"
"Foreign direct investment, net inflows (BoP, current US$)","BX.KLT.DINV.CD.WD","Jamaica","JAM","Foreign_investment","2012","413333448.071632"
"Foreign direct investment, net inflows (BoP, current US$)","BX.KLT.DINV.CD.WD","Jamaica","JAM","Foreign_investment","2013","544747561.76706"
"Foreign direct investment, net inflows (BoP, current US$)","BX.KLT.DINV.CD.WD","Jamaica","JAM","Foreign_investment","2015","924977863.710039"
"Foreign direct investment, net inflows (BoP, current US$)","BX.KLT.DINV.CD.WD","Jamaica","JAM","Foreign_investment","2017","888835228.478601"
"Foreign direct investment, net inflows (BoP, current US$)","BX.KLT.DINV.CD.WD","Jamaica","JAM","Foreign_investment","2019","665415555.002522"
"Foreign direct investment, net inflows (BoP, current US$)","BX.KLT.DINV.CD.WD","Jamaica","JAM","Foreign_investment","2021","320480000"
"Foreign direct investment, net inflows (BoP, current US$)","BX.KLT.DINV.CD.WD","Jamaica","JAM","Foreign_investment","2023","376524958.397676"
"Foreign direct investment, net inflows (BoP, current US$)","BX.KLT.DINV.CD.WD","Cuba","CUB","Foreign_investment","2000",NA
"Foreign direct investment, net inflows (BoP, current US$)","BX.KLT.DINV.CD.WD","Cuba","CUB","Foreign_investment","2002",NA
"Foreign direct investment, net inflows (BoP, current US$)","BX.KLT.DINV.CD.WD","Cuba","CUB","Foreign_investment","2004",NA
"Foreign direct investment, net inflows (BoP, current US$)","BX.KLT.DINV.CD.WD","Cuba","CUB","Foreign_investment","2006",NA
"Foreign direct investment, net inflows (BoP, current US$)","BX.KLT.DINV.CD.WD","Cuba","CUB","Foreign_investment","2008",NA
"Foreign direct investment, net inflows (BoP, current US$)","BX.KLT.DINV.CD.WD","Cuba","CUB","Foreign_investment","2009",NA
"Foreign direct investment, net inflows (BoP, current US$)","BX.KLT.DINV.CD.WD","Cuba","CUB","Foreign_investment","2010",NA
"Foreign direct investment, net inflows (BoP, current US$)","BX.KLT.DINV.CD.WD","Cuba","CUB","Foreign_investment","2011",NA
"Foreign direct investment, net inflows (BoP, current US$)","BX.KLT.DINV.CD.WD","Cuba","CUB","Foreign_investment","2012",NA
"Foreign direct investment, net inflows (BoP, current US$)","BX.KLT.DINV.CD.WD","Cuba","CUB","Foreign_investment","2013",NA
"Foreign direct investment, net inflows (BoP, current US$)","BX.KLT.DINV.CD.WD","Cuba","CUB","Foreign_investment","2015",NA
"Foreign direct investment, net inflows (BoP, current US$)","BX.KLT.DINV.CD.WD","Cuba","CUB","Foreign_investment","2017",NA
"Foreign direct investment, net inflows (BoP, current US$)","BX.KLT.DINV.CD.WD","Cuba","CUB","Foreign_investment","2019",NA
"Foreign direct investment, net inflows (BoP, current US$)","BX.KLT.DINV.CD.WD","Cuba","CUB","Foreign_investment","2021",NA
"Foreign direct investment, net inflows (BoP, current US$)","BX.KLT.DINV.CD.WD","Cuba","CUB","Foreign_investment","2023",NA
"Foreign direct investment, net inflows (BoP, current US$)","BX.KLT.DINV.CD.WD","Philippines","PHL","Foreign_investment","2000","1487000000"
"Foreign direct investment, net inflows (BoP, current US$)","BX.KLT.DINV.CD.WD","Philippines","PHL","Foreign_investment","2002","1769000000"
"Foreign direct investment, net inflows (BoP, current US$)","BX.KLT.DINV.CD.WD","Philippines","PHL","Foreign_investment","2004","592000000"
"Foreign direct investment, net inflows (BoP, current US$)","BX.KLT.DINV.CD.WD","Philippines","PHL","Foreign_investment","2006","2707414996.79964"
"Foreign direct investment, net inflows (BoP, current US$)","BX.KLT.DINV.CD.WD","Philippines","PHL","Foreign_investment","2008","1340027563.20326"
"Foreign direct investment, net inflows (BoP, current US$)","BX.KLT.DINV.CD.WD","Philippines","PHL","Foreign_investment","2009","2064620677.76657"
"Foreign direct investment, net inflows (BoP, current US$)","BX.KLT.DINV.CD.WD","Philippines","PHL","Foreign_investment","2010","1070386939.91897"
"Foreign direct investment, net inflows (BoP, current US$)","BX.KLT.DINV.CD.WD","Philippines","PHL","Foreign_investment","2011","2007150725.40003"
"Foreign direct investment, net inflows (BoP, current US$)","BX.KLT.DINV.CD.WD","Philippines","PHL","Foreign_investment","2012","3215415155.43567"
"Foreign direct investment, net inflows (BoP, current US$)","BX.KLT.DINV.CD.WD","Philippines","PHL","Foreign_investment","2013","3737371739.84519"
"Foreign direct investment, net inflows (BoP, current US$)","BX.KLT.DINV.CD.WD","Philippines","PHL","Foreign_investment","2015","5639155961.87389"
"Foreign direct investment, net inflows (BoP, current US$)","BX.KLT.DINV.CD.WD","Philippines","PHL","Foreign_investment","2017","10256442398.8834"
"Foreign direct investment, net inflows (BoP, current US$)","BX.KLT.DINV.CD.WD","Philippines","PHL","Foreign_investment","2019","8671365873.65689"
"Foreign direct investment, net inflows (BoP, current US$)","BX.KLT.DINV.CD.WD","Philippines","PHL","Foreign_investment","2021","11983363327.4772"
"Foreign direct investment, net inflows (BoP, current US$)","BX.KLT.DINV.CD.WD","Philippines","PHL","Foreign_investment","2023","9116297668.29214"
"Adjusted net national income (annual % growth)","NY.ADJ.NNTY.KD.ZG","Haiti","HTI","National_income","2000","58.861082313094528"
"Adjusted net national income (annual % growth)","NY.ADJ.NNTY.KD.ZG","Haiti","HTI","National_income","2002","-1.6115301419338977"
"Adjusted net national income (annual % growth)","NY.ADJ.NNTY.KD.ZG","Haiti","HTI","National_income","2004","4.377337804454811"
"Adjusted net national income (annual % growth)","NY.ADJ.NNTY.KD.ZG","Haiti","HTI","National_income","2006","0.90673179001746007"
"Adjusted net national income (annual % growth)","NY.ADJ.NNTY.KD.ZG","Haiti","HTI","National_income","2008","0.01021236228207556"
"Adjusted net national income (annual % growth)","NY.ADJ.NNTY.KD.ZG","Haiti","HTI","National_income","2009","8.4317774137369526"
"Adjusted net national income (annual % growth)","NY.ADJ.NNTY.KD.ZG","Haiti","HTI","National_income","2010","-8.6625266378344037"
"Adjusted net national income (annual % growth)","NY.ADJ.NNTY.KD.ZG","Haiti","HTI","National_income","2011","1.5468648145010633"
"Adjusted net national income (annual % growth)","NY.ADJ.NNTY.KD.ZG","Haiti","HTI","National_income","2012","0.77753380100607217"
"Adjusted net national income (annual % growth)","NY.ADJ.NNTY.KD.ZG","Haiti","HTI","National_income","2013","6.9701816544352084"
"Adjusted net national income (annual % growth)","NY.ADJ.NNTY.KD.ZG","Haiti","HTI","National_income","2015","5.0720153939054882"
"Adjusted net national income (annual % growth)","NY.ADJ.NNTY.KD.ZG","Haiti","HTI","National_income","2017","3.730656262926459"
"Adjusted net national income (annual % growth)","NY.ADJ.NNTY.KD.ZG","Haiti","HTI","National_income","2019","-1.0461180065813096"
"Adjusted net national income (annual % growth)","NY.ADJ.NNTY.KD.ZG","Haiti","HTI","National_income","2021","1.7715348977067009"
"Adjusted net national income (annual % growth)","NY.ADJ.NNTY.KD.ZG","Haiti","HTI","National_income","2023",NA
"Adjusted net national income (annual % growth)","NY.ADJ.NNTY.KD.ZG","Dominican Republic","DOM","National_income","2000","2.8778849942910085"
"Adjusted net national income (annual % growth)","NY.ADJ.NNTY.KD.ZG","Dominican Republic","DOM","National_income","2002","3.3070343005759497"
"Adjusted net national income (annual % growth)","NY.ADJ.NNTY.KD.ZG","Dominican Republic","DOM","National_income","2004","0.62644385860120622"
"Adjusted net national income (annual % growth)","NY.ADJ.NNTY.KD.ZG","Dominican Republic","DOM","National_income","2006","8.5710965383720747"
"Adjusted net national income (annual % growth)","NY.ADJ.NNTY.KD.ZG","Dominican Republic","DOM","National_income","2008","4.6569928485945979"
"Adjusted net national income (annual % growth)","NY.ADJ.NNTY.KD.ZG","Dominican Republic","DOM","National_income","2009","4.0153788313792091"
"Adjusted net national income (annual % growth)","NY.ADJ.NNTY.KD.ZG","Dominican Republic","DOM","National_income","2010","7.0804212033258977"
"Adjusted net national income (annual % growth)","NY.ADJ.NNTY.KD.ZG","Dominican Republic","DOM","National_income","2011","1.0902249141718272"
"Adjusted net national income (annual % growth)","NY.ADJ.NNTY.KD.ZG","Dominican Republic","DOM","National_income","2012","2.89265382381852"
"Adjusted net national income (annual % growth)","NY.ADJ.NNTY.KD.ZG","Dominican Republic","DOM","National_income","2013","2.6455749499120884"
"Adjusted net national income (annual % growth)","NY.ADJ.NNTY.KD.ZG","Dominican Republic","DOM","National_income","2015","11.268033374513919"
"Adjusted net national income (annual % growth)","NY.ADJ.NNTY.KD.ZG","Dominican Republic","DOM","National_income","2017","2.59287064138249"
"Adjusted net national income (annual % growth)","NY.ADJ.NNTY.KD.ZG","Dominican Republic","DOM","National_income","2019","5.0329978296281865"
"Adjusted net national income (annual % growth)","NY.ADJ.NNTY.KD.ZG","Dominican Republic","DOM","National_income","2021","4.8925450710242586"
"Adjusted net national income (annual % growth)","NY.ADJ.NNTY.KD.ZG","Dominican Republic","DOM","National_income","2023",NA
"Adjusted net national income (annual % growth)","NY.ADJ.NNTY.KD.ZG","Jamaica","JAM","National_income","2000",NA
"Adjusted net national income (annual % growth)","NY.ADJ.NNTY.KD.ZG","Jamaica","JAM","National_income","2002",NA
"Adjusted net national income (annual % growth)","NY.ADJ.NNTY.KD.ZG","Jamaica","JAM","National_income","2004",NA
"Adjusted net national income (annual % growth)","NY.ADJ.NNTY.KD.ZG","Jamaica","JAM","National_income","2006",NA
"Adjusted net national income (annual % growth)","NY.ADJ.NNTY.KD.ZG","Jamaica","JAM","National_income","2008","-4.64773154818333"
"Adjusted net national income (annual % growth)","NY.ADJ.NNTY.KD.ZG","Jamaica","JAM","National_income","2009","-4.2434972105625235"
"Adjusted net national income (annual % growth)","NY.ADJ.NNTY.KD.ZG","Jamaica","JAM","National_income","2010","0.89704987925011892"
"Adjusted net national income (annual % growth)","NY.ADJ.NNTY.KD.ZG","Jamaica","JAM","National_income","2011","0.0094314862046047665"
"Adjusted net national income (annual % growth)","NY.ADJ.NNTY.KD.ZG","Jamaica","JAM","National_income","2012","2.0808565661235576"
"Adjusted net national income (annual % growth)","NY.ADJ.NNTY.KD.ZG","Jamaica","JAM","National_income","2013","-1.3186041908583235"
"Adjusted net national income (annual % growth)","NY.ADJ.NNTY.KD.ZG","Jamaica","JAM","National_income","2015","3.1150326035322706"
"Adjusted net national income (annual % growth)","NY.ADJ.NNTY.KD.ZG","Jamaica","JAM","National_income","2017","2.632023320863027"
"Adjusted net national income (annual % growth)","NY.ADJ.NNTY.KD.ZG","Jamaica","JAM","National_income","2019","1.6855352579569"
"Adjusted net national income (annual % growth)","NY.ADJ.NNTY.KD.ZG","Jamaica","JAM","National_income","2021",NA
"Adjusted net national income (annual % growth)","NY.ADJ.NNTY.KD.ZG","Jamaica","JAM","National_income","2023",NA
"Adjusted net national income (annual % growth)","NY.ADJ.NNTY.KD.ZG","Cuba","CUB","National_income","2000","2.498706352384545"
"Adjusted net national income (annual % growth)","NY.ADJ.NNTY.KD.ZG","Cuba","CUB","National_income","2002","2.2831650487875663"
"Adjusted net national income (annual % growth)","NY.ADJ.NNTY.KD.ZG","Cuba","CUB","National_income","2004","5.6919696339067656"
"Adjusted net national income (annual % growth)","NY.ADJ.NNTY.KD.ZG","Cuba","CUB","National_income","2006","13.863845102716184"
"Adjusted net national income (annual % growth)","NY.ADJ.NNTY.KD.ZG","Cuba","CUB","National_income","2008","-2.2193297635419498"
"Adjusted net national income (annual % growth)","NY.ADJ.NNTY.KD.ZG","Cuba","CUB","National_income","2009","3.569512290765033"
"Adjusted net national income (annual % growth)","NY.ADJ.NNTY.KD.ZG","Cuba","CUB","National_income","2010","7.2424315335300378"
"Adjusted net national income (annual % growth)","NY.ADJ.NNTY.KD.ZG","Cuba","CUB","National_income","2011","0.4065732778660589"
"Adjusted net national income (annual % growth)","NY.ADJ.NNTY.KD.ZG","Cuba","CUB","National_income","2012","5.1563680500958924"
"Adjusted net national income (annual % growth)","NY.ADJ.NNTY.KD.ZG","Cuba","CUB","National_income","2013","2.9418398905532541"
"Adjusted net national income (annual % growth)","NY.ADJ.NNTY.KD.ZG","Cuba","CUB","National_income","2015","5.1730859349614349"
"Adjusted net national income (annual % growth)","NY.ADJ.NNTY.KD.ZG","Cuba","CUB","National_income","2017","1.4610931014878332"
"Adjusted net national income (annual % growth)","NY.ADJ.NNTY.KD.ZG","Cuba","CUB","National_income","2019","0.29210643882431953"
"Adjusted net national income (annual % growth)","NY.ADJ.NNTY.KD.ZG","Cuba","CUB","National_income","2021",NA
"Adjusted net national income (annual % growth)","NY.ADJ.NNTY.KD.ZG","Cuba","CUB","National_income","2023",NA
"Adjusted net national income (annual % growth)","NY.ADJ.NNTY.KD.ZG","Philippines","PHL","National_income","2000","2.0910549542558812"
"Adjusted net national income (annual % growth)","NY.ADJ.NNTY.KD.ZG","Philippines","PHL","National_income","2002","2.9915542856107749"
"Adjusted net national income (annual % growth)","NY.ADJ.NNTY.KD.ZG","Philippines","PHL","National_income","2004","2.1976105161234614"
"Adjusted net national income (annual % growth)","NY.ADJ.NNTY.KD.ZG","Philippines","PHL","National_income","2006","4.7596233218510946"
"Adjusted net national income (annual % growth)","NY.ADJ.NNTY.KD.ZG","Philippines","PHL","National_income","2008","5.3731453165373892"
"Adjusted net national income (annual % growth)","NY.ADJ.NNTY.KD.ZG","Philippines","PHL","National_income","2009","5.2981353058304137"
"Adjusted net national income (annual % growth)","NY.ADJ.NNTY.KD.ZG","Philippines","PHL","National_income","2010","6.84724369854834"
"Adjusted net national income (annual % growth)","NY.ADJ.NNTY.KD.ZG","Philippines","PHL","National_income","2011","0.951025138909273"
"Adjusted net national income (annual % growth)","NY.ADJ.NNTY.KD.ZG","Philippines","PHL","National_income","2012","8.9837093733824247"
"Adjusted net national income (annual % growth)","NY.ADJ.NNTY.KD.ZG","Philippines","PHL","National_income","2013","8.3918942366516518"
"Adjusted net national income (annual % growth)","NY.ADJ.NNTY.KD.ZG","Philippines","PHL","National_income","2015","6.9504330070218288"
"Adjusted net national income (annual % growth)","NY.ADJ.NNTY.KD.ZG","Philippines","PHL","National_income","2017","6.448506954757562"
"Adjusted net national income (annual % growth)","NY.ADJ.NNTY.KD.ZG","Philippines","PHL","National_income","2019","3.9621082441949227"
"Adjusted net national income (annual % growth)","NY.ADJ.NNTY.KD.ZG","Philippines","PHL","National_income","2021","-2.1971587679237103"
"Adjusted net national income (annual % growth)","NY.ADJ.NNTY.KD.ZG","Philippines","PHL","National_income","2023",NA
"Unemployment, total (% of total labor force) (national estimate)","SL.UEM.TOTL.NE.ZS","Haiti","HTI","Unemployment","2000",NA
"Unemployment, total (% of total labor force) (national estimate)","SL.UEM.TOTL.NE.ZS","Haiti","HTI","Unemployment","2002",NA
"Unemployment, total (% of total labor force) (national estimate)","SL.UEM.TOTL.NE.ZS","Haiti","HTI","Unemployment","2004",NA
"Unemployment, total (% of total labor force) (national estimate)","SL.UEM.TOTL.NE.ZS","Haiti","HTI","Unemployment","2006",NA
"Unemployment, total (% of total labor force) (national estimate)","SL.UEM.TOTL.NE.ZS","Haiti","HTI","Unemployment","2008",NA
"Unemployment, total (% of total labor force) (national estimate)","SL.UEM.TOTL.NE.ZS","Haiti","HTI","Unemployment","2009",NA
"Unemployment, total (% of total labor force) (national estimate)","SL.UEM.TOTL.NE.ZS","Haiti","HTI","Unemployment","2010",NA
"Unemployment, total (% of total labor force) (national estimate)","SL.UEM.TOTL.NE.ZS","Haiti","HTI","Unemployment","2011",NA
"Unemployment, total (% of total labor force) (national estimate)","SL.UEM.TOTL.NE.ZS","Haiti","HTI","Unemployment","2012","14.1"
"Unemployment, total (% of total labor force) (national estimate)","SL.UEM.TOTL.NE.ZS","Haiti","HTI","Unemployment","2013",NA
"Unemployment, total (% of total labor force) (national estimate)","SL.UEM.TOTL.NE.ZS","Haiti","HTI","Unemployment","2015",NA
"Unemployment, total (% of total labor force) (national estimate)","SL.UEM.TOTL.NE.ZS","Haiti","HTI","Unemployment","2017",NA
"Unemployment, total (% of total labor force) (national estimate)","SL.UEM.TOTL.NE.ZS","Haiti","HTI","Unemployment","2019",NA
"Unemployment, total (% of total labor force) (national estimate)","SL.UEM.TOTL.NE.ZS","Haiti","HTI","Unemployment","2021",NA
"Unemployment, total (% of total labor force) (national estimate)","SL.UEM.TOTL.NE.ZS","Haiti","HTI","Unemployment","2023",NA
"Unemployment, total (% of total labor force) (national estimate)","SL.UEM.TOTL.NE.ZS","Dominican Republic","DOM","Unemployment","2000","6.432"
"Unemployment, total (% of total labor force) (national estimate)","SL.UEM.TOTL.NE.ZS","Dominican Republic","DOM","Unemployment","2002","6.779"
"Unemployment, total (% of total labor force) (national estimate)","SL.UEM.TOTL.NE.ZS","Dominican Republic","DOM","Unemployment","2004","6.303"
"Unemployment, total (% of total labor force) (national estimate)","SL.UEM.TOTL.NE.ZS","Dominican Republic","DOM","Unemployment","2006","5.655"
"Unemployment, total (% of total labor force) (national estimate)","SL.UEM.TOTL.NE.ZS","Dominican Republic","DOM","Unemployment","2008","4.764"
"Unemployment, total (% of total labor force) (national estimate)","SL.UEM.TOTL.NE.ZS","Dominican Republic","DOM","Unemployment","2009","5.467"
"Unemployment, total (% of total labor force) (national estimate)","SL.UEM.TOTL.NE.ZS","Dominican Republic","DOM","Unemployment","2010","5.212"
"Unemployment, total (% of total labor force) (national estimate)","SL.UEM.TOTL.NE.ZS","Dominican Republic","DOM","Unemployment","2011","6.087"
"Unemployment, total (% of total labor force) (national estimate)","SL.UEM.TOTL.NE.ZS","Dominican Republic","DOM","Unemployment","2012","6.722"
"Unemployment, total (% of total labor force) (national estimate)","SL.UEM.TOTL.NE.ZS","Dominican Republic","DOM","Unemployment","2013","7.352"
"Unemployment, total (% of total labor force) (national estimate)","SL.UEM.TOTL.NE.ZS","Dominican Republic","DOM","Unemployment","2015","7.605"
"Unemployment, total (% of total labor force) (national estimate)","SL.UEM.TOTL.NE.ZS","Dominican Republic","DOM","Unemployment","2017","5.832"
"Unemployment, total (% of total labor force) (national estimate)","SL.UEM.TOTL.NE.ZS","Dominican Republic","DOM","Unemployment","2019","6.356"
"Unemployment, total (% of total labor force) (national estimate)","SL.UEM.TOTL.NE.ZS","Dominican Republic","DOM","Unemployment","2021","7.702"
"Unemployment, total (% of total labor force) (national estimate)","SL.UEM.TOTL.NE.ZS","Dominican Republic","DOM","Unemployment","2023","5.555"
"Unemployment, total (% of total labor force) (national estimate)","SL.UEM.TOTL.NE.ZS","Jamaica","JAM","Unemployment","2000","15.539"
"Unemployment, total (% of total labor force) (national estimate)","SL.UEM.TOTL.NE.ZS","Jamaica","JAM","Unemployment","2002","14.191"
"Unemployment, total (% of total labor force) (national estimate)","SL.UEM.TOTL.NE.ZS","Jamaica","JAM","Unemployment","2004","12.205"
"Unemployment, total (% of total labor force) (national estimate)","SL.UEM.TOTL.NE.ZS","Jamaica","JAM","Unemployment","2006","10.325"
"Unemployment, total (% of total labor force) (national estimate)","SL.UEM.TOTL.NE.ZS","Jamaica","JAM","Unemployment","2008","6.666"
"Unemployment, total (% of total labor force) (national estimate)","SL.UEM.TOTL.NE.ZS","Jamaica","JAM","Unemployment","2009","7.314"
"Unemployment, total (% of total labor force) (national estimate)","SL.UEM.TOTL.NE.ZS","Jamaica","JAM","Unemployment","2010","7.63"
"Unemployment, total (% of total labor force) (national estimate)","SL.UEM.TOTL.NE.ZS","Jamaica","JAM","Unemployment","2011","8.034"
"Unemployment, total (% of total labor force) (national estimate)","SL.UEM.TOTL.NE.ZS","Jamaica","JAM","Unemployment","2012","8.695"
"Unemployment, total (% of total labor force) (national estimate)","SL.UEM.TOTL.NE.ZS","Jamaica","JAM","Unemployment","2013","9.698"
"Unemployment, total (% of total labor force) (national estimate)","SL.UEM.TOTL.NE.ZS","Jamaica","JAM","Unemployment","2015","13.511"
"Unemployment, total (% of total labor force) (national estimate)","SL.UEM.TOTL.NE.ZS","Jamaica","JAM","Unemployment","2017","7.399"
"Unemployment, total (% of total labor force) (national estimate)","SL.UEM.TOTL.NE.ZS","Jamaica","JAM","Unemployment","2019","4.987"
"Unemployment, total (% of total labor force) (national estimate)","SL.UEM.TOTL.NE.ZS","Jamaica","JAM","Unemployment","2021","5.188"
"Unemployment, total (% of total labor force) (national estimate)","SL.UEM.TOTL.NE.ZS","Jamaica","JAM","Unemployment","2023","3.022"
"Unemployment, total (% of total labor force) (national estimate)","SL.UEM.TOTL.NE.ZS","Cuba","CUB","Unemployment","2000","5.45"
"Unemployment, total (% of total labor force) (national estimate)","SL.UEM.TOTL.NE.ZS","Cuba","CUB","Unemployment","2002","3.31"
"Unemployment, total (% of total labor force) (national estimate)","SL.UEM.TOTL.NE.ZS","Cuba","CUB","Unemployment","2004","1.854"
"Unemployment, total (% of total labor force) (national estimate)","SL.UEM.TOTL.NE.ZS","Cuba","CUB","Unemployment","2006","1.913"
"Unemployment, total (% of total labor force) (national estimate)","SL.UEM.TOTL.NE.ZS","Cuba","CUB","Unemployment","2008","1.583"
"Unemployment, total (% of total labor force) (national estimate)","SL.UEM.TOTL.NE.ZS","Cuba","CUB","Unemployment","2009","1.67"
"Unemployment, total (% of total labor force) (national estimate)","SL.UEM.TOTL.NE.ZS","Cuba","CUB","Unemployment","2010","2.5"
"Unemployment, total (% of total labor force) (national estimate)","SL.UEM.TOTL.NE.ZS","Cuba","CUB","Unemployment","2011","3.18"
"Unemployment, total (% of total labor force) (national estimate)","SL.UEM.TOTL.NE.ZS","Cuba","CUB","Unemployment","2012","3.46"
"Unemployment, total (% of total labor force) (national estimate)","SL.UEM.TOTL.NE.ZS","Cuba","CUB","Unemployment","2013","3.29"
"Unemployment, total (% of total labor force) (national estimate)","SL.UEM.TOTL.NE.ZS","Cuba","CUB","Unemployment","2015","2.4"
"Unemployment, total (% of total labor force) (national estimate)","SL.UEM.TOTL.NE.ZS","Cuba","CUB","Unemployment","2017","1.7"
"Unemployment, total (% of total labor force) (national estimate)","SL.UEM.TOTL.NE.ZS","Cuba","CUB","Unemployment","2019",NA
"Unemployment, total (% of total labor force) (national estimate)","SL.UEM.TOTL.NE.ZS","Cuba","CUB","Unemployment","2021",NA
"Unemployment, total (% of total labor force) (national estimate)","SL.UEM.TOTL.NE.ZS","Cuba","CUB","Unemployment","2023",NA
"Unemployment, total (% of total labor force) (national estimate)","SL.UEM.TOTL.NE.ZS","Philippines","PHL","Unemployment","2000","11.189"
"Unemployment, total (% of total labor force) (national estimate)","SL.UEM.TOTL.NE.ZS","Philippines","PHL","Unemployment","2002",NA
"Unemployment, total (% of total labor force) (national estimate)","SL.UEM.TOTL.NE.ZS","Philippines","PHL","Unemployment","2004","3.554"
"Unemployment, total (% of total labor force) (national estimate)","SL.UEM.TOTL.NE.ZS","Philippines","PHL","Unemployment","2006","4.052"
"Unemployment, total (% of total labor force) (national estimate)","SL.UEM.TOTL.NE.ZS","Philippines","PHL","Unemployment","2008","3.72"
"Unemployment, total (% of total labor force) (national estimate)","SL.UEM.TOTL.NE.ZS","Philippines","PHL","Unemployment","2009","3.858"
"Unemployment, total (% of total labor force) (national estimate)","SL.UEM.TOTL.NE.ZS","Philippines","PHL","Unemployment","2010","3.605"
"Unemployment, total (% of total labor force) (national estimate)","SL.UEM.TOTL.NE.ZS","Philippines","PHL","Unemployment","2011","3.592"
"Unemployment, total (% of total labor force) (national estimate)","SL.UEM.TOTL.NE.ZS","Philippines","PHL","Unemployment","2012","3.504"
"Unemployment, total (% of total labor force) (national estimate)","SL.UEM.TOTL.NE.ZS","Philippines","PHL","Unemployment","2013","3.497"
"Unemployment, total (% of total labor force) (national estimate)","SL.UEM.TOTL.NE.ZS","Philippines","PHL","Unemployment","2015","3.068"
"Unemployment, total (% of total labor force) (national estimate)","SL.UEM.TOTL.NE.ZS","Philippines","PHL","Unemployment","2017","2.552"
"Unemployment, total (% of total labor force) (national estimate)","SL.UEM.TOTL.NE.ZS","Philippines","PHL","Unemployment","2019","2.237"
"Unemployment, total (% of total labor force) (national estimate)","SL.UEM.TOTL.NE.ZS","Philippines","PHL","Unemployment","2021","3.398"
"Unemployment, total (% of total labor force) (national estimate)","SL.UEM.TOTL.NE.ZS","Philippines","PHL","Unemployment","2023",NA
